~id,~label,data
node-500,root,500
node-952,node,952
node-69,node,69
node-936,node,936
node-928,node,928
node-785,node,785
node-723,node,723
node-744,node,744
node-956,node,956
node-141,node,141
node-169,node,169
node-850,node,850
node-658,node,658
node-232,node,232
node-450,node,450
node-362,node,362
node-994,node,994
node-57,node,57
node-385,node,385
node-499,node,499
node-418,node,418
node-64,node,64
node-577,node,577
node-48,node,48
node-323,node,323
node-181,node,181
node-686,node,686
node-54,node,54
node-727,node,727
node-949,node,949
node-558,node,558
node-448,node,448
node-643,node,643
node-370,node,370
node-89,node,89
node-840,node,840
node-962,node,962
node-280,node,280
node-870,node,870
node-163,node,163
node-439,node,439
node-611,node,611
node-422,node,422
node-66,node,66
node-992,node,992
node-664,node,664
node-888,node,888
node-662,node,662
node-426,node,426
node-921,node,921
node-902,node,902
node-562,node,562
node-30,node,30
node-648,node,648
node-263,node,263
node-986,node,986
node-778,node,778
node-708,node,708
node-430,node,430
node-86,node,86
node-566,node,566
node-286,node,286
node-667,node,667
node-837,node,837
node-104,node,104
node-130,node,130
node-165,node,165
node-724,node,724
node-817,node,817
node-898,node,898
node-795,node,795
node-303,node,303
node-154,node,154
node-329,node,329
node-741,node,741
node-390,node,390
node-493,node,493
node-230,node,230
node-247,node,247
node-838,node,838
node-836,node,836
node-801,node,801
node-9,node,9
node-76,node,76
node-236,node,236
node-429,node,429
node-920,node,920
node-262,node,262
node-995,node,995
node-893,node,893
node-356,node,356
node-79,node,79
node-615,node,615
node-269,node,269
node-273,node,273
node-304,node,304
node-254,node,254
node-326,node,326
node-970,node,970
node-933,node,933
node-114,node,114
node-414,node,414
node-728,node,728
node-655,node,655
node-529,node,529
node-147,node,147
node-58,node,58
node-376,node,376
node-35,node,35
node-12,node,12
node-199,node,199
node-918,node,918
node-313,node,313
node-959,node,959
node-160,node,160
node-632,node,632
node-757,node,757
node-243,node,243
node-142,node,142
node-150,node,150
node-32,node,32
node-879,node,879
node-748,node,748
node-287,node,287
node-473,node,473
node-641,node,641
node-432,node,432
node-131,node,131
node-745,node,745
node-767,node,767
node-117,node,117
node-214,node,214
node-603,node,603
node-937,node,937
node-583,node,583
node-379,node,379
node-926,node,926
node-625,node,625
node-111,node,111
node-783,node,783
node-96,node,96
node-890,node,890
node-351,node,351
node-623,node,623
node-322,node,322
node-68,node,68
node-661,node,661
node-931,node,931
node-336,node,336
node-806,node,806
node-754,node,754
node-457,node,457
node-596,node,596
node-580,node,580
node-200,node,200
node-366,node,366
node-168,node,168
node-808,node,808
node-403,node,403
node-235,node,235
node-616,node,616
node-392,node,392
node-867,node,867
node-483,node,483
node-628,node,628
node-618,node,618
node-480,node,480
node-946,node,946
node-77,node,77
node-907,node,907
node-930,node,930
node-828,node,828
node-288,node,288
node-424,node,424
node-292,node,292
node-90,node,90
node-338,node,338
node-520,node,520
node-940,node,940
node-670,node,670
node-300,node,300
node-52,node,52
node-537,node,537
node-834,node,834
node-697,node,697
node-762,node,762
node-929,node,929
node-693,node,693
node-873,node,873
node-573,node,573
node-617,node,617
node-489,node,489
node-624,node,624
node-497,node,497
node-751,node,751
node-248,node,248
node-388,node,388
node-156,node,156
node-139,node,139
node-415,node,415
node-239,node,239
node-547,node,547
node-24,node,24
node-521,node,521
node-225,node,225
node-307,node,307
node-842,node,842
node-555,node,555
node-911,node,911
node-15,node,15
node-511,node,511
node-368,node,368
node-340,node,340
node-820,node,820
node-260,node,260
node-973,node,973
node-814,node,814
node-736,node,736
node-342,node,342
node-498,node,498
node-380,node,380
node-178,node,178
node-353,node,353
node-289,node,289
node-835,node,835
node-320,node,320
node-241,node,241
node-574,node,574
node-938,node,938
node-186,node,186
node-582,node,582
node-85,node,85
node-819,node,819
node-318,node,318
node-406,node,406
node-87,node,87
node-579,node,579
node-135,node,135
node-213,node,213
node-796,node,796
node-516,node,516
node-589,node,589
node-674,node,674
node-968,node,968
node-92,node,92
node-346,node,346
node-899,node,899
node-120,node,120
node-29,node,29
node-207,node,207
node-517,node,517
node-367,node,367
node-212,node,212
node-60,node,60
node-220,node,220
node-818,node,818
node-735,node,735
node-410,node,410
node-829,node,829
node-256,node,256
node-284,node,284
node-91,node,91
node-469,node,469
node-62,node,62
node-123,node,123
node-491,node,491
node-570,node,570
node-810,node,810
node-627,node,627
node-844,node,844
node-904,node,904
node-296,node,296
node-501,node,501
node-137,node,137
node-600,node,600
node-799,node,799
node-75,node,75
node-575,node,575
node-781,node,781
node-714,node,714
node-394,node,394
node-312,node,312
node-153,node,153
node-134,node,134
node-352,node,352
node-916,node,916
node-454,node,454
node-700,node,700
node-663,node,663
node-825,node,825
node-777,node,777
node-1000,node,1000
node-506,node,506
node-718,node,718
node-105,node,105
node-776,node,776
node-874,node,874
node-594,node,594
node-703,node,703
node-203,node,203
node-789,node,789
node-719,node,719
node-997,node,997
node-554,node,554
node-102,node,102
node-386,node,386
node-494,node,494
node-676,node,676
node-198,node,198
node-699,node,699
node-108,node,108
node-755,node,755
node-673,node,673
node-872,node,872
node-281,node,281
node-977,node,977
node-571,node,571
node-974,node,974
node-37,node,37
node-638,node,638
node-631,node,631
node-509,node,509
node-10,node,10
node-279,node,279
node-341,node,341
node-552,node,552
node-685,node,685
node-688,node,688
node-252,node,252
node-270,node,270
node-764,node,764
node-3,node,3
node-268,node,268
node-431,node,431
node-816,node,816
node-943,node,943
node-14,node,14
node-729,node,729
node-11,node,11
node-666,node,666
node-805,node,805
node-961,node,961
node-721,node,721
node-492,node,492
node-609,node,609
node-197,node,197
node-710,node,710
node-487,node,487
node-133,node,133
node-387,node,387
node-884,node,884
node-425,node,425
node-924,node,924
node-81,node,81
node-302,node,302
node-412,node,412
node-51,node,51
node-964,node,964
node-129,node,129
node-73,node,73
node-786,node,786
node-349,node,349
node-559,node,559
node-866,node,866
node-464,node,464
node-790,node,790
node-311,node,311
node-598,node,598
node-383,node,383
node-475,node,475
node-903,node,903
node-536,node,536
node-576,node,576
node-765,node,765
node-690,node,690
node-339,node,339
node-399,node,399
node-55,node,55
node-23,node,23
node-855,node,855
node-224,node,224
node-138,node,138
node-860,node,860
node-508,node,508
node-453,node,453
node-993,node,993
node-364,node,364
node-231,node,231
node-158,node,158
node-245,node,245
node-877,node,877
node-56,node,56
node-259,node,259
node-636,node,636
node-155,node,155
node-531,node,531
node-948,node,948
node-963,node,963
node-939,node,939
node-804,node,804
node-629,node,629
node-525,node,525
node-365,node,365
node-800,node,800
node-742,node,742
node-966,node,966
node-398,node,398
node-541,node,541
node-436,node,436
node-510,node,510
node-560,node,560
node-204,node,204
node-331,node,331
node-945,node,945
node-355,node,355
node-809,node,809
node-592,node,592
node-687,node,687
node-188,node,188
node-275,node,275
node-330,node,330
node-514,node,514
node-797,node,797
node-264,node,264
node-852,node,852
node-657,node,657
node-43,node,43
node-802,node,802
node-644,node,644
node-466,node,466
node-400,node,400
node-396,node,396
node-206,node,206
node-402,node,402
node-542,node,542
node-743,node,743
node-363,node,363
node-711,node,711
node-7,node,7
node-308,node,308
node-2,node,2
node-149,node,149
node-428,node,428
node-298,node,298
node-474,node,474
node-257,node,257
node-996,node,996
node-359,node,359
node-730,node,730
node-171,node,171
node-378,node,378
node-675,node,675
node-784,node,784
node-253,node,253
node-435,node,435
node-4,node,4
node-193,node,193
node-971,node,971
node-733,node,733
node-455,node,455
node-408,node,408
node-328,node,328
node-309,node,309
node-49,node,49
node-148,node,148
node-883,node,883
node-713,node,713
node-45,node,45
node-447,node,447
node-651,node,651
node-315,node,315
node-127,node,127
node-894,node,894
node-846,node,846
node-897,node,897
node-278,node,278
node-812,node,812
node-591,node,591
node-567,node,567
node-843,node,843
node-942,node,942
node-140,node,140
node-70,node,70
node-833,node,833
node-626,node,626
node-446,node,446
node-375,node,375
node-99,node,99
node-823,node,823
node-774,node,774
node-72,node,72
node-533,node,533
node-22,node,22
node-978,node,978
node-988,node,988
node-597,node,597
node-526,node,526
node-478,node,478
node-900,node,900
node-61,node,61

